Date,Open,High,Low,Close,Volume,Company,company
2024-11-18,-0.628908413120003,-0.6363161651847463,-0.6269819242109295,-0.6326529988387815,-0.1030021469719634,price_wmt,wmt
2024-11-15,-0.6305179766356529,-0.636699863878164,-0.625413671732095,-0.6317123137520048,-0.2139222155589021,price_wmt,wmt
2024-11-14,-0.6277428671259115,-0.6313280821703156,-0.6231733110480455,-0.630494956580882,-0.2367846699125108,price_wmt,wmt
2024-11-13,-0.6279648758866909,-0.6311636398731365,-0.6207649233126925,-0.6247955116433523,-0.2779980217509282,price_wmt,wmt
2024-11-12,-0.6306844832062374,-0.6325888064486881,-0.6222771667744258,-0.6276175669036825,-0.2771904778994939,price_wmt,wmt
2024-11-11,-0.6281868846474702,-0.6332465756374043,-0.6244055094242726,-0.6319336514194817,-0.3112346863120026,price_wmt,wmt
2024-11-08,-0.6319055313905236,-0.6331917615383446,-0.6237894102361591,-0.62850291757359,-0.2556398439555801,price_wmt,wmt
2024-11-07,-0.6350136540414341,-0.6388376137414914,-0.628326140621359,-0.6339256904267736,-0.2799174989201183,price_wmt,wmt
2024-11-06,-0.6271323430337684,-0.6325339923496284,-0.635943366947127,-0.6361944015184116,-0.177403348839529,price_wmt,wmt
2024-11-05,-0.640785881821696,-0.6422360878831915,-0.6334229611775715,-0.6348663755135502,-0.3087193352013685,price_wmt,wmt
2024-11-04,-0.6434499869510478,-0.6469501004023238,-0.6362794210497345,-0.6416725087884643,-0.2930292505214683,price_wmt,wmt
2024-11-01,-0.6416184146746186,-0.6490330361665916,-0.6388558358363912,-0.643111203627064,-0.2867059451056601,price_wmt,wmt
2024-10-31,-0.6485006862587772,-0.6495263630581287,-0.6406481243836307,-0.6444392296319252,-0.2396147905910828,price_wmt,wmt
2024-10-30,-0.6467801183627376,-0.652870023100769,-0.6402000522468209,-0.6475379569766015,-0.3275671590103202,price_wmt,wmt
2024-10-29,-0.640841384011891,-0.6472241708976222,-0.6381277186140751,-0.6458225900536557,-0.3217658184070137,price_wmt,wmt
2024-10-28,-0.6403973664903323,-0.6460182607183093,-0.6336469972459764,-0.6400124762823877,-0.3455028243761405,price_wmt,wmt
2024-10-25,-0.637899767931565,-0.6448123505389963,-0.6338150242972801,-0.6413405022872489,-0.3319073319851334,price_wmt,wmt
2024-10-24,-0.6392318204962409,-0.644702722340877,-0.6330308980578628,-0.6384077781931803,-0.2942240843805125,price_wmt,wmt
2024-10-23,-0.6451705548470875,-0.6445930941427577,-0.6373996013917591,-0.6371350866051882,-0.2744123980006479,price_wmt,wmt
2024-10-22,-0.6494997256822841,-0.6506774591383819,-0.6428324760505789,-0.6440518887138408,-0.2858878808809658,price_wmt,wmt
2024-10-21,-0.6488336993999462,-0.65440481787444,-0.6434485752386925,-0.6507473531550163,-0.3208123499648816,price_wmt,wmt
2024-10-18,-0.65083177824696,-0.6536374204876045,-0.6437846293412999,-0.6479806323115553,-0.2847095990758506,price_wmt,wmt
2024-10-17,-0.6486116906391669,-0.6546788883697384,-0.6438406383584011,-0.6503046778200625,-0.3253805906048063,price_wmt,wmt
2024-10-16,-0.6471686336941014,-0.6538018627847836,-0.6440086654097048,-0.6484786420633784,-0.3015548207396942,price_wmt,wmt
2024-10-15,-0.6519418220508566,-0.6529248371998287,-0.6446247645978184,-0.6460992621380018,-0.2713547567163739,price_wmt,wmt
2024-10-14,-0.655382957842936,-0.6601054841766465,-0.6488254408804109,-0.6536247428322157,-0.3185104782684386,price_wmt,wmt
2024-10-11,-0.6573255344997548,-0.6621884199409144,-0.6510097925473591,-0.654676096752731,-0.3233322178224352,price_wmt,wmt
2024-10-10,-0.6539399008978704,-0.6611469520587805,-0.650505711393448,-0.6573874831793227,-0.3059109566275338,price_wmt,wmt
2024-10-09,-0.656659508217417,-0.6601602982757062,-0.6488814498975122,-0.6530160642466543,-0.2834628647087239,price_wmt,wmt
2024-10-08,-0.6577695520213135,-0.6638876570117644,-0.6526900630603962,-0.6568341390106305,-0.2433882380719643,price_wmt,wmt
2024-10-07,-0.6518308176704669,-0.6577484779170805,-0.6531941442143072,-0.6602095384396529,-0.2220432423573718,price_wmt,wmt
2024-10-04,-0.655382957842936,-0.6567618241340062,-0.6483213597265,-0.6500280057357165,-0.2949881440224723,price_wmt,wmt
2024-10-03,-0.6539954030880653,-0.6597217854832288,-0.6483213597265,-0.6528500609960466,-0.294300392154558,price_wmt,wmt
2024-10-02,-0.6501657519646221,-0.6574744074217821,-0.6468091162647666,-0.6528500609960466,-0.224475272111787,price_wmt,wmt
2024-10-01,-0.6518863198606617,-0.6545144460725594,-0.645016827717527,-0.6482019699790322,-0.2323868733465618,price_wmt,wmt
2024-11-20,2.464062139867183,2.474000257758572,2.475581569094861,2.502152385636249,-0.4312019673048888,price_intu,intu
2024-11-19,2.4308163279404806,2.4443458301672862,2.446456880202219,2.4665723555893404,-0.4220093212589956,price_intu,intu
2024-11-18,2.705829680355854,2.6704539887884584,2.689536014421577,2.658250775624317,-0.4354138197802593,price_intu,intu
2024-11-15,2.736411387153204,2.6963810576436864,2.714235990963222,2.7083837573078307,-0.4323422916032822,price_intu,intu
2024-11-14,2.7942446693362157,2.768461597907163,2.78811188451975,2.7797098206522546,-0.4327567662553958,price_intu,intu
2024-11-13,2.7702122209818545,2.8165883768815605,2.79718534529015,2.810088415513456,-0.4369285571493922,price_intu,intu
2024-11-12,2.7577242281880183,2.756841008906511,2.7931526960588613,2.7725716808761254,-0.4378108377324653,price_intu,intu
2024-11-11,2.695506272979616,2.72987247216915,2.72594187553738,2.760840784499851,-0.4363384623996591,price_intu,intu
2024-11-08,2.6633705048568106,2.674619860316994,2.6695407953164367,2.688186695150565,-0.4336553043219465,price_intu,intu
2024-11-07,2.517621753405192,2.599086031812757,2.554778319276007,2.632464937363261,-0.4305378231545699,price_intu,intu
2024-11-06,2.46977886545725,2.560168021480386,2.504426212901997,2.4899234795081515,-0.4160071958252317,price_intu,intu
2024-11-05,2.34068077106408,2.309612774678597,2.3249733221096416,2.3263549432427384,-0.435639951696691,price_intu,intu
2024-11-04,2.358108458785256,2.3218363187689053,2.3536499388654737,2.327350962746384,-0.4414157488337223,price_intu,intu
2024-11-01,2.258204516434565,2.332031741194005,2.2817903699245896,2.342457258551681,-0.4374254554192066,price_intu,intu
2024-10-31,2.3424013389601197,2.306597999230315,2.3128753744157744,2.2791546856532934,-0.4368418552465659,price_intu,intu
2024-10-30,2.362493131810647,2.348969297803446,2.376501617842777,2.3389711902889205,-0.4423995019236787,price_intu,intu
2024-10-29,2.302550766400233,2.327756241467351,2.3175241228351773,2.3533028042580484,-0.4416644364304233,price_intu,intu
2024-10-28,2.3017182335473105,2.2629111622797518,2.3091787792870933,2.289059546272884,-0.4394596327112589,price_intu,intu
2024-10-25,2.2859556115319792,2.2818220264553406,2.308842725184486,2.273455240715764,-0.443545857902741,price_intu,intu
2024-10-24,2.246604558683846,2.2356137409480312,2.276189468214466,2.244183334191947,-0.4451920438289661,price_intu,intu
2024-10-23,2.274966177873403,2.242191432835193,2.263027349195676,2.2332824540687106,-0.4418832040855731,price_intu,intu
2024-10-22,2.279961374990937,2.2602800855248866,2.2945604258236707,2.27522594205558,-0.4423133330530975,price_intu,intu
2024-10-21,2.2761317238674947,2.273051770605792,2.304810075953197,2.2992410789768205,-0.4427400393925214,price_intu,intu
2024-10-18,2.2378907148232585,2.2720651168227177,2.2656037639823325,2.29569967629719,-0.4393543448156732,price_intu,intu
2024-10-17,2.336351600228884,2.292346333474798,2.3089547432186883,2.2732339030482875,-0.4416567214900327,price_intu,intu
2024-10-16,2.3224760526801767,2.286481224875413,2.30677039155174,2.2741192537181947,-0.4416977369185821,price_intu,intu
2024-10-15,2.340458762303301,2.3137238321080726,2.353257875745765,2.321153508057032,-0.4399178300346409,price_intu,intu
2024-10-14,2.343178369622847,2.2987595830647805,2.336679206683799,2.3171140956255782,-0.4436946861164585,price_intu,intu
2024-10-11,2.3369066221308312,2.309941659272955,2.341888045274214,2.3144580436158555,-0.4396881913271225,price_intu,intu
2024-10-10,2.330357363687842,2.305227646753823,2.3546020921561945,2.3289556608355912,-0.4417609994297854,price_intu,intu
2024-10-09,2.313706706629393,2.307858723508688,2.3300141336487523,2.3417379111323813,-0.4409802474622531,price_intu,intu
2024-10-08,2.2749106756832083,2.267186662006406,2.286383109326891,2.2961423516321444,-0.4407228349693284,price_intu,intu
2024-10-07,2.269471461044115,2.245206208283475,2.268964305008407,2.2356064995772176,-0.4335789825207367,price_intu,intu
2024-10-04,2.2759652172969105,2.266035565926153,2.293664281550051,2.281202059077455,-0.440465590802376,price_intu,intu
2024-10-03,2.2377242082526734,2.225802017216349,2.264371565606105,2.24324264910517,-0.4394874345509938,price_intu,intu
2024-10-02,2.271525042081324,2.256662354986948,2.2888475060793447,2.2624436917587896,-0.441244673537351,price_intu,intu
2024-10-01,2.330468368068231,2.289386372125576,2.2865511363781943,2.256910250071867,-0.4313648928187747,price_intu,intu
2024-11-19,-0.3917475544175025,-0.3869668285622702,-0.3878234211886576,-0.3772293305704636,-0.3896336440455162,price_snow,snow
2024-11-18,-0.397686288768349,-0.4023695903980398,-0.3954406475144256,-0.3927783017107144,-0.3931989424346583,price_snow,snow
2024-11-15,-0.3859753266372403,-0.3945859883315656,-0.404626126319028,-0.4009124609904897,-0.3770981844641823,price_snow,snow
2024-11-14,-0.3667160666396349,-0.3764425215428121,-0.3726449775542231,-0.3825967690067779,-0.3880133242103463,price_snow,snow
2024-11-13,-0.3982413106702973,-0.363670836461907,-0.3897837367872008,-0.3745179441438719,-0.2983440028207552,price_snow,snow
2024-11-12,-0.4170010509561492,-0.4050006671529044,-0.4066424509346725,-0.4036791818339507,-0.3768595403171535,price_snow,snow
2024-11-11,-0.4213302217913458,-0.4233085762388369,-0.4139796321749342,-0.4145247275403177,-0.4038631923193188,price_snow,snow
2024-11-08,-0.4170010509561492,-0.427200377272074,-0.4253494626464849,-0.428967010343184,-0.3886473380116487,price_snow,snow
2024-11-07,-0.4211082130305665,-0.4164568138563772,-0.4121313346105935,-0.4143033898728408,-0.3931085093061157,price_snow,snow
2024-11-06,-0.43126511383622,-0.4340521396545338,-0.430166238117191,-0.4260342862491154,-0.3810518248982604,price_snow,snow
2024-11-05,-0.4655099651864289,-0.4582251573398518,-0.4590108819243268,-0.4532588193487714,-0.4046362012921317,price_snow,snow
2024-11-04,-0.4585721914120754,-0.4645287787317149,-0.4613632606425787,-0.4685311184046761,-0.4048056494374388,price_snow,snow
2024-11-01,-0.4559635884729185,-0.4597599521135229,-0.4612512426083762,-0.4588475954525626,-0.3922231708012151,price_snow,snow
2024-10-31,-0.4503023650730461,-0.4555392664859277,-0.4578346925652009,-0.4625550013828003,-0.3834540188741103,price_snow,snow
2024-10-30,-0.4433645912986926,-0.4371217292018758,-0.4345349414510873,-0.4394805495483357,-0.3929165475620323,price_snow,snow
2024-10-29,-0.4474717533731098,-0.4458919850514243,-0.4427682669649688,-0.4428006145604889,-0.3993054860798183,price_snow,snow
2024-10-28,-0.4456401810966805,-0.4480297349147517,-0.4410319874348306,-0.4486660627486262,-0.3840990860809178,price_snow,snow
2024-10-25,-0.4594602264551927,-0.4597051380144632,-0.4507775564104453,-0.4558042025247555,-0.4194456886486805,price_snow,snow
2024-10-24,-0.4622908381551289,-0.4637613813448794,-0.457386620428391,-0.4620016572141081,-0.4180634238196369,price_snow,snow
2024-10-23,-0.4572401388473996,-0.4633228685524019,-0.4610832155570725,-0.4692504658239759,-0.4165486724233396,price_snow,snow
2024-10-22,-0.4508573869749943,-0.4569096189624196,-0.4563224491034676,-0.4587922610356934,-0.3783175237793401,price_snow,snow
2024-10-21,-0.4375923635184304,-0.4378891265887113,-0.4361592029470231,-0.4363264877867902,-0.4214333658909238,price_snow,snow
2024-10-18,-0.4336517080145977,-0.4405750174426355,-0.4334147611090626,-0.4364371566205286,-0.4189835637192814,price_snow,snow
2024-10-17,-0.4392019270340804,-0.4452890299617678,-0.4385675906823762,-0.4392592118808588,-0.4011437880489346,price_snow,snow
2024-10-16,-0.4142259414464078,-0.4244596723190901,-0.4300542200829886,-0.4399785593001587,-0.3964364680745132,price_snow,snow
2024-10-15,-0.4197761604658906,-0.4219382237623449,-0.4159959567905786,-0.4187301432223784,-0.4129393006838204,price_snow,snow
2024-10-14,-0.4035695209290008,-0.4080154426011866,-0.4094429017897342,-0.4164060977138712,-0.4014406870094949,price_snow,snow
2024-10-11,-0.413837426115044,-0.4053295517472625,-0.407258550122786,-0.4115920034462491,-0.3635559532161993,price_snow,snow
2024-10-10,-0.4365378219047287,-0.422431550653882,-0.4282059225186478,-0.4129200294511103,-0.3337016167125299,price_snow,snow
2024-10-09,-0.46517695204526,-0.444412004376813,-0.4578907015823022,-0.4357178092012288,-0.3339709102136561,price_snow,snow
2024-10-08,-0.4682295725059756,-0.4709420283216972,-0.4619233508135911,-0.4697484755757989,-0.4114339895691283,price_snow,snow
2024-10-07,-0.4646219301433117,-0.4699005604395633,-0.4623154139332996,-0.4680884430697223,-0.3988586367323927,price_snow,snow
2024-10-04,-0.4779979579802653,-0.4672694836846988,-0.4730131361996355,-0.4631083455514925,-0.3693570553577119,price_snow,snow
2024-10-03,-0.4947041172289085,-0.4940187640258217,-0.4866793363723368,-0.4866254727209109,-0.3997562209517679,price_snow,snow
2024-10-02,-0.4893759069702051,-0.4908943603794201,-0.4841589306027812,-0.4911628949041868,-0.3818820366472788,price_snow,snow
2024-10-01,-0.4682850746961703,-0.4726412653925472,-0.4810784346622133,-0.4879534987257721,-0.3581605026404263,price_snow,snow
2024-11-18,0.5001171398231904,0.5272227155550422,0.5007036261053284,0.5013152060621363,-0.450428566632692,price_powl,powl
2024-11-15,0.5146032114640405,0.5381855353669779,0.4142817127181233,0.443324737183194,-0.4483508911040009,price_powl,powl
2024-11-14,0.661017989197997,0.6512122076280342,0.5506076603425285,0.5649497854617389,-0.4502097148145562,price_powl,powl
2024-11-13,0.8145925494670863,0.7966888265324199,0.6747236422388643,0.6574689304670742,-0.4479607956635217,price_powl,powl
2024-11-12,0.8280795816844295,0.8335239011005238,0.7975514167418718,0.8048244825898061,-0.452579323687629,price_powl,powl
2024-11-11,0.9064486742395268,0.8991911917740183,0.8681787873065288,0.851914071345512,-0.4531226939529236,price_powl,powl
2024-11-08,0.7721333739680428,0.8321535486240318,0.769882962293862,0.8187134212239802,-0.4530145164614825,price_powl,powl
2024-11-07,0.8230288823767004,0.8115982614766525,0.766298385199383,0.7699637999621977,-0.4519862972605474,price_powl,powl
2024-11-06,0.6803882535759922,0.819710748137485,0.6263318514633976,0.8264602395856708,-0.4488966179329057,price_powl,powl
2024-11-05,0.4083720194311394,0.5205353954697614,0.4262676423777874,0.5310851223377765,-0.4530636395910244,price_powl,powl
2024-11-04,0.4168083523407534,0.4442889836777491,0.3955186919892099,0.3897610216537897,-0.4508300942121137,price_powl,powl
2024-11-01,0.3295589093544835,0.4376016635924682,0.3467348380940343,0.4477514905327316,-0.4493425555146488,price_powl,powl
2024-10-31,0.305526461000123,0.3076922488210311,0.2936942988991651,0.3130121854561819,-0.453808467990665,price_powl,powl
2024-10-30,0.3422134087189045,0.3295082602467831,0.2982870383014665,0.3098027892777673,-0.4518355473253144,price_powl,powl
2024-10-29,0.3189024888370766,0.3378948174029137,0.3163779508251652,0.3483155434187441,-0.4517105793181504,price_powl,powl
2024-10-28,0.3414918802463717,0.3608071108098592,0.3513275774963355,0.3376913353798539,-0.453871113306637,price_powl,powl
2024-10-25,0.3042499106256419,0.3125158895382827,0.3063523367640443,0.3093047795259442,-0.454326883930587,price_powl,powl
2024-10-24,0.3187359822664921,0.3181069276423701,0.2964387407371256,0.2838509477661032,-0.4534843563312722,price_powl,powl
2024-10-23,0.3575875154028717,0.3426636440211057,0.2822124503934121,0.314063539376697,-0.4500032349553741,price_powl,powl
2024-10-22,0.4321269568345259,0.4224181581529375,0.3871733484411259,0.3800221642848068,-0.4524517466278965,price_powl,powl
2024-10-21,0.4044313639273066,0.4372727789981102,0.4063844413068493,0.4512375587954925,-0.4534018345234211,price_powl,powl
2024-10-18,0.4383987043265415,0.4224181581529375,0.4215068759241827,0.4034839570373559,-0.4544590478730608,price_powl,powl
2024-10-17,0.4741976170022056,0.4577732520464299,0.4392617343452738,0.4270010842067743,-0.4528162705477719,price_powl,powl
2024-10-16,0.3979931098647065,0.4430282593993764,0.4082887478882912,0.453616938720869,-0.452428615833889,price_powl,powl
2024-10-15,0.3688544600124217,0.3587789891446511,0.3194024377486318,0.3659672224000252,-0.4528838955070869,price_powl,powl
2024-10-14,0.3594745898694957,0.3704543922443625,0.3688583998490219,0.3766467648557846,-0.4535957320161843,price_powl,powl
2024-10-11,0.2693390329930951,0.3429377145164042,0.2859090455220936,0.3572243845346886,-0.4522700667952793,price_powl,powl
2024-10-10,0.3020298230178488,0.2900421089238147,0.2237390365397232,0.2690213240451524,-0.4509680092919696,price_powl,powl
2024-10-09,0.3148508289528542,0.3267675552937992,0.318730329543417,0.3131781887067896,-0.4499561177103339,price_powl,powl
2024-10-08,0.2601811716109484,0.2879043590604873,0.2495591934233923,0.2974632143159312,-0.4519641203137154,price_powl,powl
2024-10-07,0.2580720883835449,0.2913576473012471,0.2626653034250812,0.2633772135244919,-0.451595023538263,price_powl,powl
2024-10-04,0.2269908618744412,0.2583595596673207,0.2344927678231602,0.2466662196299877,-0.4515219560391815,price_powl,powl
2024-10-03,0.1859747433204631,0.2250874015380961,0.1664978210622614,0.1870710526618381,-0.4517639526784893,price_powl,powl
2024-10-02,0.1782599388833821,0.1757547123843857,0.1676740104213872,0.1836403188159464,-0.4519419854483764,price_powl,powl
2024-10-01,0.1228687530689437,0.1594201108646017,0.1041597850285871,0.1665419840033575,-0.4513584273572288,price_powl,powl
2024-11-19,-1.0733422011050888,-1.0753770986527684,-1.0704613216185053,-1.0722849408647317,0.6865223670612082,price_nio,nio
2024-11-18,-1.0741192317678163,-1.0753770986527684,-1.0700692584987963,-1.0720636031972546,0.215099615937988,price_nio,nio
2024-11-15,-1.0750350179060313,-1.0766926370302008,-1.0711334298237198,-1.0730596227009004,0.1916989673427286,price_nio,nio
2024-11-14,-1.0743134894334985,-1.0759252396433652,-1.070741366704011,-1.0733916292021155,0.1018328869188476,price_nio,nio
2024-11-13,-1.073813969721745,-1.0757059832471263,-1.0700132494816954,-1.0723956096984697,0.1752008759149705,price_nio,nio
2024-11-12,-1.0725929215374588,-1.0746645153649923,-1.0699012314474927,-1.0725616129490774,0.758512074942962,price_nio,nio
2024-11-11,-1.070927855831614,-1.072746021897904,-1.067548852729241,-1.069905560939355,0.2615980806774279,price_nio,nio
2024-11-08,-1.0710388602120036,-1.0729104641950828,-1.0674648392035893,-1.0697395576887474,0.3543841538218496,price_nio,nio
2024-11-07,-1.07065034488064,-1.0720882527091875,-1.066820175416754,-1.0685222005176245,0.3348968596446647,price_nio,nio
2024-11-06,-1.0719268952551209,-1.073020092393202,-1.0683329789686582,-1.0702375674405704,0.6826983095713641,price_nio,nio
2024-11-05,-1.0703728339296656,-1.0719238104120086,-1.0663166543530138,-1.068688203768232,-0.0085434887780164,price_nio,nio
2024-11-04,-1.071205366782588,-1.072362323204486,-1.066876744524026,-1.0694628856044013,0.0578568008993794,price_nio,nio
2024-11-01,-1.0711498645923934,-1.0729652782941426,-1.067548852729241,-1.0696842232718782,0.1589366593983635,price_nio,nio
2024-10-31,-1.0702618295492758,-1.0723075091054264,-1.0672688076437349,-1.0696842232718782,0.247667184759729,price_nio,nio
2024-10-30,-1.0694847988865483,-1.0715949258176505,-1.065868582216204,-1.0683008628501476,0.3477884268472659,price_nio,nio
2024-10-29,-1.0669316981375865,-1.0690460702113755,-1.064244320720268,-1.0669175024284172,0.4458672296429503,price_nio,nio
2024-10-28,-1.0698178120277173,-1.0683608939731295,-1.0654765190964952,-1.0657554796741635,1.0852989670655822,price_nio,nio
2024-10-25,-1.071593882113952,-1.0720882527091875,-1.0674928437121398,-1.0687988726019706,0.4951016507067034,price_nio,nio
2024-10-24,-1.0710943624021985,-1.0731297205913215,-1.067772888797646,-1.0703482362743089,0.2343589125858831,price_nio,nio
2024-10-23,-1.0707058470708346,-1.0724171373035458,-1.0667087174727226,-1.0691862135200552,0.0497923877362126,price_nio,nio
2024-10-22,-1.0710388602120036,-1.0720882527091875,-1.0667087174727226,-1.0689648758525785,0.0794594054871973,price_nio,nio
2024-10-21,-1.0714273755433674,-1.072526765501665,-1.0672587260206567,-1.0694628856044013,0.0369495789568802,price_nio,nio
2024-10-18,-1.0693737945061588,-1.071320855322352,-1.0665406904214187,-1.0690202102694475,0.4818515632105672,price_nio,nio
2024-10-17,-1.0699288164081069,-1.072033438610128,-1.0672688076437349,-1.069407551187532,0.5895678134335759,price_nio,nio
2024-10-16,-1.068263750702262,-1.0702245733411586,-1.0648884244169323,-1.0674155121802402,0.2007492797519968,price_nio,nio
2024-10-15,-1.0685412616532362,-1.0695668041524424,-1.064468356788673,-1.0668068335946788,0.4904539461807551,price_nio,nio
2024-10-14,-1.066043663094469,-1.067539230628225,-1.0632921674295472,-1.065866148507902,0.6776370281318205,price_nio,nio
2024-10-11,-1.066043663094469,-1.0668809132985182,-1.0617799239678138,-1.063376099748787,0.1441537254639229,price_nio,nio
2024-10-10,-1.065100125861157,-1.0666068428032198,-1.0612192737066304,-1.0634867685825256,0.2143506916063582,price_nio,nio
2024-10-09,-1.0659326587140794,-1.066058701812623,-1.0620739713075953,-1.063099427664441,0.5253159382746712,price_nio,nio
2024-10-08,-1.0649336192905725,-1.0663327723079217,-1.061331851831004,-1.063376099748787,0.6976838238132986,price_nio,nio
2024-10-07,-1.061880998829857,-1.0634276250577586,-1.0588114460614484,-1.06033270682098,0.6422178910972215,price_nio,nio
2024-10-04,-1.0623805185416104,-1.0641402083455342,-1.059707590335068,-1.0604433756547185,0.8356519403775595,price_nio,nio
2024-10-03,-1.0616034878788827,-1.0630987404634005,-1.058195346873335,-1.060830716572803,0.933014922949472,price_nio,nio
2024-10-02,-1.0594944046514794,-1.060960990600073,-1.0573540914364743,-1.0580086613124728,1.4444742730669082,price_nio,nio
2024-10-01,-1.0613814791181035,-1.0626054135718632,-1.0594835542666632,-1.0590046808161186,1.6039743113378446,price_nio,nio
2024-11-19,1.0382663759522437,1.0310191000125442,1.0497600207487312,1.0494026051517569,-0.4242229480645341,price_panw,panw
2024-11-18,1.0815580843042094,1.0548632331035042,1.0648824553660647,1.0425964718768428,-0.4262540954890875,price_panw,panw
2024-11-15,1.0617993045948506,1.0500395923862524,1.0639863110924448,1.0435371569636196,-0.4266653859748944,price_panw,panw
2024-11-14,1.132120579571698,1.1084714219838696,1.1113699395600891,1.0844292910299729,-0.4235119531852975,price_panw,panw
2024-11-13,1.1164134597465614,1.1379065931789163,1.1297408971692944,1.128530821274741,-0.4300228158155841,price_panw,panw
2024-11-12,1.096876688797982,1.087367993845893,1.1110338854574822,1.1045156843534996,-0.4316122478348628,price_panw,panw
2024-11-11,1.0963216668960338,1.094932339516129,1.1095216419957483,1.1049583596884534,-0.431204646493279,price_panw,panw
2024-11-08,1.0593572082262783,1.0539313934194896,1.0567051388692843,1.067884300386076,-0.4287107148626023,price_panw,panw
2024-11-07,1.001579428233462,1.0210429339836826,1.0116178801027906,1.0435371569636196,-0.4280507508072587,price_panw,panw
2024-11-06,0.9983047990119672,1.0155067099786552,1.0103856817265633,1.0334662930934215,-0.422293918396424,price_panw,panw
2024-11-05,0.9233213400587548,0.9184309405439652,0.9330932381268596,0.9289395796274658,-0.4385933430955409,price_panw,panw
2024-11-04,0.9020084990239404,0.8931616408774536,0.8983676475240941,0.9003316861060792,-0.4360870815874035,price_panw,panw
2024-11-01,0.8930171442123783,0.9035215055997328,0.90452863940523,0.9087425174702004,-0.4165351362097451,price_panw,panw
2024-10-31,0.9243758816724564,0.9233093953602766,0.9106896312863656,0.8959602671734107,-0.4290795451219321,price_panw,panw
2024-10-30,0.922488807205832,0.9150872805013248,0.9134340731243262,0.8914228449901347,-0.436959669399913,price_panw,panw
2024-10-29,0.9082247443257612,0.9128399024398782,0.9083932615852152,0.9239594821092358,-0.4266506153708375,price_panw,panw
2024-10-28,0.9428026088171392,0.920733132704472,0.9287805438100646,0.9071378193809932,-0.4356485924299285,price_panw,panw
2024-10-25,0.941304049681879,0.9398632532762992,0.9529204301806968,0.929769595880504,-0.4386854594838051,price_panw,panw
2024-10-24,0.9023415121651096,0.907577748930149,0.9216113896211064,0.919477394342829,-0.4367539890890987,price_panw,panw
2024-10-23,0.9736618265654636,0.949455720611743,0.9072170722260892,0.8841187019633977,-0.4196933382352199,price_panw,panw
2024-10-22,0.980100080628064,0.9775205393302984,0.9841174527060844,0.9832226425761702,-0.4353673618119433,price_panw,panw
2024-10-21,0.9814876353829346,1.003447608185526,0.9937510036474966,0.99600489287296,-0.4269857102999136,price_panw,panw
2024-10-18,0.9717192499086446,0.9595963289377836,0.9915666519805484,0.9761951716337792,-0.4372436072606171,price_panw,panw
2024-10-17,0.9650034848950704,0.9800419878870436,0.9786285690301632,0.983499314660516,-0.4358738406350063,price_panw,panw
2024-10-16,0.9785460193026084,0.9515934704750708,0.9622739360366028,0.9673416649347042,-0.4143305990067032,price_panw,panw
2024-10-15,0.9708312148655276,0.9613503801076932,0.9768362804829238,0.9740371293758796,-0.4052756856875293,price_panw,panw
2024-10-14,0.9926990778022896,0.9657903221315272,0.9756040821066968,0.9711044052818112,-0.4366135350924961,price_panw,panw
2024-10-11,0.9484083300268168,0.9723680140186884,0.9708993246701928,0.9671756616840964,-0.4253477863734887,price_panw,panw
2024-10-10,0.8984008566612768,0.9255567734217236,0.920771254364588,0.9461485832737928,-0.4263553014798483,price_panw,panw
2024-10-09,0.8713712900363955,0.891407589707544,0.8927667458139706,0.9100152090581926,-0.4230864812363361,price_panw,panw
2024-10-08,0.8173676589768276,0.855449540724395,0.836757728712736,0.8671863704014166,-0.4110333316738961,price_panw,panw
2024-10-07,0.7908376120637,0.7927422114001232,0.790886343706825,0.772066507803228,-0.4239233979699122,price_panw,panw
2024-10-04,0.7984969143105862,0.7784905456446068,0.7840532436204741,0.7965243200594232,-0.42900831518138,price_panw,panw
2024-10-03,0.731672277316013,0.7441221055341887,0.7466392201968497,0.7609996244293841,-0.4293830087954066,price_panw,panw
2024-10-02,0.734946906537508,0.7492198167467388,0.7446228955812052,0.7399172116022114,-0.4287901647214615,price_panw,panw
2024-10-01,0.7962768267027932,0.7720224819555648,0.7429426250681681,0.7242022372113531,-0.4196673458996856,price_panw,panw
2024-11-15,-0.9317283628229852,-0.9355463319515294,-0.932679139549468,-0.9347235805278514,-0.445107782652736,price_sym,sym
2024-11-14,-0.9225705014408384,-0.9226650186725048,-0.9285344722839768,-0.9322888661856056,-0.4390499693765161,price_sym,sym
2024-11-13,-0.9093054779842744,-0.9083037247188692,-0.9216453631805248,-0.9236566971540074,-0.4355950226892888,price_sym,sym
2024-11-12,-0.9121360896842108,-0.9104414745821968,-0.9073070548026088,-0.9079970571800184,-0.4461758951090729,price_sym,sym
2024-11-11,-0.9051428137196624,-0.9016164046335886,-0.9034424326226236,-0.9047876610016036,-0.4347219860075201,price_sym,sym
2024-11-08,-0.9209609379251884,-0.9152103012003888,-0.9152043262138828,-0.9100444306041796,-0.4397802235524006,price_sym,sym
2024-11-07,-0.918130326225252,-0.921130223898834,-0.917444686897932,-0.9178465833827396,-0.441493319052559,price_sym,sym
2024-11-06,-0.9308403277798676,-0.9269953324982196,-0.930326760831216,-0.9228820153178384,-0.4386000200257699,price_sym,sym
2024-11-05,-0.9411082329659112,-0.9373551972204986,-0.937943987156984,-0.9357749344483666,-0.4479784979449271,price_sym,sym
2024-11-04,-0.9441608534266264,-0.9428366071264666,-0.9389521494648064,-0.9400356845472964,-0.4510585406106626,price_sym,sym
2024-11-01,-0.9423292811501972,-0.9413566264518552,-0.9377199510885792,-0.9405336942991196,-0.4481890036002767,price_sym,sym
2024-10-31,-0.935613516136623,-0.9375744536167376,-0.9418646183540704,-0.9441304313956188,-0.4426731578729167,price_sym,sym
2024-10-30,-0.9370010708914936,-0.9297360374512036,-0.9313909321561396,-0.932122862934998,-0.4345547541541799,price_sym,sym
2024-10-29,-0.9422182767698076,-0.9387255496969906,-0.93956824865292,-0.9345575772772438,-0.4433208621866214,price_sym,sym
2024-10-28,-0.944327359997211,-0.9425077225321083,-0.9406324199778434,-0.9406996975497272,-0.4462010177604177,price_sym,sym
2024-10-25,-0.9406642154443524,-0.938670735597931,-0.9437689249355126,-0.94617780481978,-0.4374584473097498,price_sym,sym
2024-10-24,-0.942384783340392,-0.941575882848094,-0.936935824849162,-0.9397590124629506,-0.4499519796968516,price_sym,sym
2024-10-23,-0.93822211907578,-0.9381225946073344,-0.9401283388239322,-0.9412530417184194,-0.444192804749571,price_sym,sym
2024-10-22,-0.9330604153876608,-0.9354915178524696,-0.9337993198914928,-0.93483424936159,-0.4449990861562141,price_sym,sym
2024-10-21,-0.9326163978661024,-0.9335730243853808,-0.929766670660204,-0.9311268434313522,-0.4423059547646512,price_sym,sym
2024-10-18,-0.934947489854285,-0.929297524658726,-0.930326760831216,-0.9316248531831752,-0.4386327454001906,price_sym,sym
2024-10-17,-0.9393876650698714,-0.9376292677157972,-0.9368798158320606,-0.9353322591134128,-0.4296392430065261,price_sym,sym
2024-10-16,-0.9381666168855852,-0.938177408706394,-0.9377199510885792,-0.9383203176243508,-0.4456542809756799,price_sym,sym
2024-10-15,-0.9408862242051316,-0.9410825559565568,-0.9401283388239322,-0.93837565204122,-0.4446951455591518,price_sym,sym
2024-10-14,-0.9328384066268816,-0.9342307935740972,-0.9386160953621988,-0.9393163371279968,-0.4309413285641645,price_sym,sym
2024-10-11,-0.9450488884697436,-0.927269402993518,-0.9402403568581348,-0.9322888661856056,-0.3888692898331051,price_sym,sym
2024-10-10,-0.96730526673787,-0.946673594060644,-0.9621958915618186,-0.945679795067957,-0.3834891288664699,price_sym,sym
2024-10-09,-0.969525354345663,-0.9709014258450218,-0.9658924866905,-0.9693075910711136,-0.4502971461299286,price_sym,sym
2024-10-08,-0.9690813368241044,-0.9707369835478428,-0.9669566580154236,-0.9685329092349446,-0.4457394959990856,price_sym,sym
2024-10-07,-0.96730526673787,-0.9702984707553652,-0.9652203784852852,-0.9666515390613912,-0.4479284630497027,price_sym,sym
2024-10-04,-0.9681377995907924,-0.9690925605760524,-0.967068676049626,-0.9659875260589604,-0.4396615116605353,price_sym,sym
2024-10-03,-0.9668057470261164,-0.9688733041798137,-0.9672367031009298,-0.9703036105747596,-0.4376503950266688,price_sym,sym
2024-10-02,-0.9688593280633252,-0.9677222080995606,-0.965164369468184,-0.964106155885407,-0.4463532265207428,price_sym,sym
2024-10-01,-0.9645301572281284,-0.967448137604262,-0.964660288314273,-0.96604286047583,-0.4438833514769205,price_sym,sym
2024-11-19,-0.23273377950932,-0.233048838402694,-0.232958488903744,-0.2346878727153539,-0.3289465622978371,price_tgt,tgt
2024-11-18,-0.2504944803716649,-0.2406679981719892,-0.2398475980071958,-0.2315891453706776,-0.3662898896288465,price_tgt,tgt
2024-11-15,-0.2458877985854941,-0.2561255741068184,-0.244664373477902,-0.2561022920437419,-0.4030352108894314,price_tgt,tgt
2024-11-14,-0.2407260948973752,-0.2467523631676136,-0.2394555348874872,-0.2486874801832664,-0.4004210103516468,price_tgt,tgt
2024-11-13,-0.2366189328229579,-0.2409968827663473,-0.2288138216382525,-0.240276648819145,-0.4067408089763683,price_tgt,tgt
2024-11-12,-0.2405040861365958,-0.2405035558748102,-0.2345267413825785,-0.2366245773057765,-0.3862952350396805,price_tgt,tgt
2024-11-11,-0.2671451374301133,-0.2534396832528943,-0.2559781949323513,-0.2497388341037816,-0.4079031699499502,price_tgt,tgt
2024-11-08,-0.2587643067106943,-0.2704320539613945,-0.2574904383940847,-0.2691058800080085,-0.4109616528640849,price_tgt,tgt
2024-11-07,-0.2793556192729755,-0.2668691375225154,-0.2688602688656353,-0.2628530909017867,-0.3893774378887253,price_tgt,tgt
2024-11-06,-0.2577097650969926,-0.2698839129707978,-0.2829745411751463,-0.2828841498084442,-0.3522856456687793,price_tgt,tgt
2024-11-05,-0.2670896352399186,-0.2691713296830218,-0.258050528565097,-0.2624104155668329,-0.4198175207211804,price_tgt,tgt
2024-11-04,-0.2645920366811512,-0.2645121312629492,-0.2565382851033636,-0.2679438572537548,-0.4114372999799141,price_tgt,tgt
2024-11-01,-0.2594858351832271,-0.2692261437820816,-0.2548020055732253,-0.2632404318198712,-0.423170896711374,price_tgt,tgt
2024-10-31,-0.2724733476888168,-0.2752556946786462,-0.2661158270276748,-0.2676671851694088,-0.41228205789836,price_tgt,tgt
2024-10-30,-0.2782455754690789,-0.2803534058911963,-0.2683561877117242,-0.2760780165335301,-0.4222271350669697,price_tgt,tgt
2024-10-29,-0.2732503783515444,-0.2779963996316301,-0.2681881606604205,-0.2793427471288141,-0.417163300683515,price_tgt,tgt
2024-10-28,-0.2524370570284838,-0.2606751443287718,-0.2594507539926279,-0.271761932017731,-0.4221815608100076,price_tgt,tgt
2024-10-25,-0.2587643067106943,-0.262319567300562,-0.2500972481367218,-0.2614697304800562,-0.4003211229143346,price_tgt,tgt
2024-10-24,-0.2715298104555047,-0.276461604857959,-0.2631473491213094,-0.2668925033332397,-0.4146544581771377,price_tgt,tgt
2024-10-23,-0.2764140031926496,-0.2825459698535834,-0.2699244401905588,-0.2786787341263834,-0.4020069215526745,price_tgt,tgt
2024-10-22,-0.2669231286693341,-0.277667515037272,-0.2629793220700057,-0.2723706106032925,-0.4180955881074837,price_tgt,tgt
2024-10-21,-0.2338438233132165,-0.245984965780778,-0.2550820506587316,-0.2628530909017867,-0.3950884014721466,price_tgt,tgt
2024-10-18,-0.2311242159936698,-0.2404487417757505,-0.2290378577066574,-0.2300397816983394,-0.4156588171715193,price_tgt,tgt
2024-10-17,-0.217859192537106,-0.2300340629544116,-0.2245571363385587,-0.2352965513009154,-0.4171866559121521,price_tgt,tgt
2024-10-16,-0.2077577939216473,-0.2200578969255503,-0.2080904853107958,-0.2188068950738878,-0.4137539282532497,price_tgt,tgt
2024-10-15,-0.219135742911587,-0.2161660958923131,-0.208146494327897,-0.2087360312036899,-0.4156690570014923,price_tgt,tgt
2024-10-14,-0.2216333414703543,-0.2268000311098906,-0.2187321985600303,-0.2237869925921176,-0.4220317647219502,price_tgt,tgt
2024-10-11,-0.2300141721897733,-0.2308014603412471,-0.2194043067652451,-0.2210756061655258,-0.4071676415602713,price_tgt,tgt
2024-10-10,-0.2431126890757527,-0.2448886837995845,-0.2423680037767512,-0.2348538759659615,-0.4135502678541013,price_tgt,tgt
2024-10-09,-0.2584867957597201,-0.2548648498284459,-0.2540178793338081,-0.2439287203325135,-0.408286854976323,price_tgt,tgt
2024-10-08,-0.2727508586397909,-0.2694454001783202,-0.2620831777963859,-0.2605843798101487,-0.4123569068473135,price_tgt,tgt
2024-10-07,-0.2525480614088736,-0.2647862017582477,-0.2671239893354971,-0.2734219645238077,-0.4112730839669083,price_tgt,tgt
2024-10-04,-0.2564887169127064,-0.2579892534748475,-0.2480249145039761,-0.2519522107785504,-0.4076810778568503,price_tgt,tgt
2024-10-03,-0.2677556615222565,-0.279202309810943,-0.2691963229682427,-0.2701018995116545,-0.3903905077521662,price_tgt,tgt
2024-10-02,-0.2579317738577719,-0.2657728555413219,-0.2556421408297439,-0.2656751461621168,-0.418376944969948,price_tgt,tgt
2024-10-01,-0.2380064875778286,-0.2496026963187167,-0.2477448694184698,-0.2557149511256574,-0.4015521749117218,price_tgt,tgt
2024-11-19,-0.3153210385192241,-0.2949339562410706,-0.3058822291695514,-0.2844335134807824,2.738294983390784,price_nvda,nvda
2024-11-18,-0.3254224371346829,-0.325520223516371,-0.3273896917364254,-0.3223929234530669,2.6545683683667844,price_nvda,nvda
2024-11-15,-0.2956177610000601,-0.3052938209633497,-0.3109790497257637,-0.3122667251659999,3.0510726939914865,price_nvda,nvda
2024-11-14,-0.2802436543160929,-0.2846837197169108,-0.2803421173713883,-0.2858168739025129,2.27018614984445,price_nvda,nvda
2024-11-13,-0.2723068411182324,-0.2828748544479413,-0.2783818017728451,-0.2885282603291045,2.234276609117129,price_nvda,nvda
2024-11-12,-0.285016842672848,-0.2811208032780317,-0.2777657025847316,-0.2773507081215223,2.3286991473628835,price_nvda,nvda
2024-11-11,-0.2744714265358306,-0.285505931202806,-0.2914319027574329,-0.2941170364328958,2.099928595073113,price_nvda,nvda
2024-11-08,-0.2739719068240771,-0.2804630340893155,-0.2763654771572008,-0.2810027796348908,2.0065105280390543,price_nvda,nvda
2024-11-07,-0.2871814280904464,-0.2850674184103285,-0.2768695583111119,-0.2740859775262383,2.4505754833418507,price_nvda,nvda
2024-11-06,-0.3062186793272723,-0.2984420585808899,-0.3004493545107316,-0.292180331842473,2.937607171999226,price_nvda,nvda
2024-11-05,-0.3368003861246227,-0.331988287205413,-0.3263815294286032,-0.3237209494579283,1.7943021011822833,price_nvda,nvda
2024-11-04,-0.3381324386892984,-0.3397170751728276,-0.3362391164384206,-0.345080034369447,2.172906236139798,price_nvda,nvda
2024-11-01,-0.3520634884282004,-0.3487614015176746,-0.3418400181485441,-0.3486767714659463,2.4478333831195536,price_nvda,nvda
2024-10-31,-0.3359678532717002,-0.3471169785458842,-0.3556182363554476,-0.3632850575194203,3.3303077234137293,price_nvda,nvda
2024-10-30,-0.3252004283739036,-0.3322075436016517,-0.3292939983178675,-0.3268750112194738,2.0591446147353447,price_nvda,nvda
2024-10-29,-0.3210377641092914,-0.3216284224831339,-0.3175881137437094,-0.3163061375974528,1.7530087664527616,price_nvda,nvda
2024-10-28,-0.305996670566493,-0.3168047817658823,-0.3111470767770674,-0.3203455500289058,1.9773467348090044,price_nvda,nvda
2024-10-25,-0.3174856239368224,-0.3113781859589741,-0.3069464004944748,-0.3147014395082455,2.4196988471006,price_nvda,nvda
2024-10-24,-0.3180961480289656,-0.3266165054975646,-0.3200525104961637,-0.3209542286144673,1.9600679054408785,price_nvda,nvda
2024-10-23,-0.3113803830153913,-0.3206965827991193,-0.3256534122062872,-0.3256576540483509,3.5532041902258924,price_nvda,nvda
2024-10-22,-0.3064961902782465,-0.3097885770862434,-0.3014575168185539,-0.3033578840500555,2.716927446023086,price_nvda,nvda
2024-10-21,-0.3330262371913743,-0.3136803781194805,-0.3226289252828205,-0.3026938710476248,3.253366973577032,price_nvda,nvda
2024-10-18,-0.3300291189208537,-0.3400459597671857,-0.3266615745141094,-0.3342898230799492,2.012463740750741,price_nvda,nvda
2024-10-17,-0.3263104721778,-0.3291379540543099,-0.32895794421526,-0.3402106056849557,3.840844338606116,price_nvda,nvda
2024-10-16,-0.356059646122228,-0.3525435743527924,-0.3585867142618131,-0.3469060701261313,3.257928439096577,price_nvda,nvda
2024-10-15,-0.3344692941364398,-0.3418548250361551,-0.3744932751185638,-0.3697038498762498,4.842315055685764,price_nvda,nvda
2024-10-14,-0.3422396007637158,-0.3362089728330083,-0.3321504581900303,-0.3339024821618647,2.801596938980136,price_nvda,nvda
2024-10-11,-0.3558931395516435,-0.3571479586738053,-0.3469368387047564,-0.3519968364780995,1.929974153296141,price_nvda,nvda
2024-10-10,-0.3675485994925574,-0.3614234584004602,-0.3618352372536847,-0.3519415020612303,2.94135790950103,price_nvda,nvda
2024-10-09,-0.3553381176496951,-0.3640545351553247,-0.3597068946038379,-0.3638937361049817,2.995787473233687,price_nvda,nvda
2024-10-08,-0.376706460874704,-0.3697552014575314,-0.3706846619556799,-0.3625657101001205,3.550293988466066,price_nvda,nvda
2024-10-07,-0.4059561151073784,-0.38532240559048,-0.3957206925999317,-0.391173603621507,4.399326250404475,price_nvda,nvda
2024-10-04,-0.4062336260583525,-0.4160183010638996,-0.4131955059355169,-0.4066672403448885,2.9715765875714384,price_nvda,nvda
2024-10-03,-0.4285455065166734,-0.4197456597999578,-0.4215408494836009,-0.418121464636817,3.429597687687757,price_nvda,nvda
2024-10-02,-0.4534104877239565,-0.4470430811316775,-0.4506655383762429,-0.4402552313845049,2.6542865065264034,price_nvda,nvda
2024-10-01,-0.4238278203501131,-0.430269966819416,-0.4470249522646626,-0.4504920985053104,3.779946723148759,price_nvda,nvda
2024-11-18,-0.2695872337986857,-0.2704320539613945,-0.2642115204462328,-0.2600310356414566,-0.4304055610219457,price_keys,keys
2024-11-15,-0.2564887169127064,-0.2639091761732928,-0.2595067630097291,-0.2713745910996465,-0.4395969025415548,price_keys,keys
2024-11-14,-0.2280715955329544,-0.2369954535349908,-0.2385033815967661,-0.2475254574290128,-0.440421643696478,price_keys,keys
2024-11-13,-0.2116429472352852,-0.2209349225105051,-0.2189562346284353,-0.2274943985223553,-0.4393501787478623,price_keys,keys
2024-11-12,-0.1927167003788489,-0.2007085199574839,-0.1957124925314229,-0.2058586415264904,-0.4471574038527339,price_keys,keys
2024-11-11,-0.181671764530078,-0.1899649565417869,-0.1875911850517438,-0.1918590340585778,-0.4449069417136213,price_keys,keys
2024-11-08,-0.1877770054515091,-0.1941308280703224,-0.1813741841535068,-0.182562852024549,-0.4457398045967012,price_keys,keys
2024-11-07,-0.1977118974963834,-0.1950078536552772,-0.18787123013725,-0.1838908780294102,-0.4414877222139847,price_keys,keys
2024-11-06,-0.2075357851608679,-0.2115617115713001,-0.2068582869345686,-0.2023172388468604,-0.433316674547455,price_keys,keys
2024-11-05,-0.2466648292482218,-0.2496575104177765,-0.2407997512979167,-0.2408299929878373,-0.4429509658628013,price_keys,keys
2024-11-04,-0.2448887591619873,-0.2474649464553893,-0.236319029929818,-0.2481894704314435,-0.4417678727403152,price_keys,keys
2024-11-01,-0.2667011199085546,-0.2646217594610686,-0.2562582400178576,-0.2593116882221566,-0.4433588758020007,price_keys,keys
2024-10-31,-0.2615949184106305,-0.2726794320228413,-0.2645475745488402,-0.2733666301069385,-0.4454609305423262,price_keys,keys
2024-10-30,-0.2436122087875062,-0.2528915422622974,-0.2444403374094969,-0.2569323082967802,-0.4446930555116641,price_keys,keys
2024-10-29,-0.2361749153013992,-0.2418739083513021,-0.2261813978344945,-0.2387272851468068,-0.4434189822012259,price_keys,keys
2024-10-28,-0.2254074904036025,-0.2368858253368714,-0.2234929650136353,-0.2361819019708229,-0.4472903533164111,price_keys,keys
2024-10-25,-0.2399490642346475,-0.2437924018183908,-0.2281977224501389,-0.2347985415490924,-0.4464175971779294,price_keys,keys
2024-10-24,-0.2438342175482856,-0.2534944973519539,-0.238951453733576,-0.2471381165109283,-0.4493469460170893,price_keys,keys
2024-10-23,-0.2393940423326993,-0.2483967861394038,-0.2473528062987612,-0.2493514931856971,-0.448864860432825,price_keys,keys
2024-10-22,-0.2286821196250974,-0.2380369214171247,-0.2383353545454624,-0.2382292753949839,-0.4447268188962465,price_keys,keys
2024-10-21,-0.2160831224508715,-0.2280059412892035,-0.2158757386878673,-0.2246170088451559,-0.4456413198758236,price_keys,keys
2024-10-18,-0.2147510698861956,-0.218906800845297,-0.2089866295844155,-0.2128307780520122,-0.4443861551829247,price_keys,keys
2024-10-17,-0.2229098918448353,-0.2309110885393665,-0.2138034050551216,-0.2226803042547333,-0.4450495558935333,price_keys,keys
2024-10-16,-0.2189137341508077,-0.2257037491286971,-0.2154836755681587,-0.2277710706067014,-0.4441201159839269,price_keys,keys
2024-10-15,-0.2149175764567801,-0.2111231987788227,-0.2180040813377142,-0.2232889828402946,-0.4246782417648963,price_keys,keys
2024-10-14,-0.217193166254768,-0.2280607553882632,-0.2123471706104896,-0.2183088853220648,-0.4386648255250512,price_keys,keys
2024-10-11,-0.2271835604898371,-0.2251556081381002,-0.2150916124484501,-0.2180322132377188,-0.448410871258747,price_keys,keys
2024-10-10,-0.2329002860799044,-0.235953985652857,-0.2245571363385587,-0.2263323757681018,-0.448131309873319,price_keys,keys
2024-10-09,-0.2328447838897095,-0.2234563710672503,-0.2237170010820402,-0.2230123107559485,-0.4432014910180318,price_keys,keys
2024-10-08,-0.2336218145524372,-0.2441761005118087,-0.2294859298434674,-0.237011918223861,-0.4462941020230219,price_keys,keys
2024-10-07,-0.2390055270013355,-0.2435731454221522,-0.2282537314672402,-0.234743207132223,-0.4436957521809489,price_keys,keys
2024-10-04,-0.2272945648702267,-0.2394072738936166,-0.2278056593304303,-0.2325851648743236,-0.4482180959391315,price_keys,keys
2024-10-03,-0.2420026452718562,-0.2513019333895668,-0.2407437422808155,-0.2426006943276523,-0.4491284168237334,price_keys,keys
2024-10-02,-0.2421691518424407,-0.240010228983273,-0.2343587143312748,-0.2364032396382997,-0.4479047290876283,price_keys,keys
2024-10-01,-0.2208563108076267,-0.2334873511951714,-0.2348067864680846,-0.2418260124914832,-0.443927200392668,price_keys,keys
